{"SVR": {"R2": 0.875333474515172, "MAE": 0.05199485573647857, "MSE": 0.0745118719560178, "RMSE": 0.0055520190623899925}, "RF": {"R2": 0.8842241773671039, "MAE": 0.049220671986645356, "MSE": 0.0718057932377571, "RMSE": 0.005156071942503523}, "DT": {"R2": 0.75992946883077, "MAE": 0.0779384756657484, "MSE": 0.10339986533338016, "RMSE": 0.010691532150961153}, "MLP": {"R2": 0.7601177530343916, "MAE": 0.0773612687537374, "MSE": 0.103359309793438, "RMSE": 0.010683146920975889}, "XGB": {"R2": 0.9997592294432338, "MAE": 0.0023171807594402354, "MSE": 0.0032745545902932234, "RMSE": 1.072270776481042e-05}}