{"SVR-test_r2_mean": 0.8792232887914896, "SVR-test_r2_std": 0.053005722055782, "SVR-test_rmse_mean": -0.33171944407747883, "SVR-test_rmse_std": 0.12186751203980398, "SVR-test_mse_mean": -0.12488948006984338, "SVR-test_mse_std": 0.08138297541681523, "SVR-test_mae_mean": -0.2579530630883565, "SVR-test_mae_std": 0.09512006305816721, "SVR-train_r2_mean": 0.9044166972166522, "SVR-train_r2_std": 0.02805868879756882, "SVR-train_rmse_mean": -0.31084821448913696, "SVR-train_rmse_std": 0.04127830387277928, "SVR-train_mse_mean": -0.098330510821698, "SVR-train_mse_std": 0.024600092192926998, "SVR-train_mae_mean": -0.2209038009894267, "SVR-train_mae_std": 0.020246964645096382, "RF-test_r2_mean": 0.8504659659679336, "RF-test_r2_std": 0.06742631498834643, "RF-test_rmse_mean": -0.3475627679075718, "RF-test_rmse_std": 0.12241653961832649, "RF-test_mse_mean": -0.13578568680769793, "RF-test_mse_std": 0.09980169880052513, "RF-test_mae_mean": -0.28779666987741537, "RF-test_mae_std": 0.09196625051721743, "RF-train_r2_mean": 0.982014964624156, "RF-train_r2_std": 0.0057975137044362236, "RF-train_rmse_mean": -0.13439471454025348, "RF-train_rmse_std": 0.016773140399245663, "RF-train_mse_mean": -0.018343277535209035, "RF-train_mse_std": 0.004530156305292793, "RF-train_mae_mean": -0.10206034006614395, "RF-train_mae_std": 0.010178874901626606, "DT-test_r2_mean": 0.698384750736349, "DT-test_r2_std": 0.21578283548205868, "DT-test_rmse_mean": -0.45673270001387045, "DT-test_rmse_std": 0.12386769340327199, "DT-test_mse_mean": -0.2239479647310072, "DT-test_mse_std": 0.11365859811197444, "DT-test_mae_mean": -0.3890085014672047, "DT-test_mae_std": 0.10667760619041615, "DT-train_r2_mean": 1.0, "DT-train_r2_std": 0.0, "DT-train_rmse_mean": 0.0, "DT-train_rmse_std": 0.0, "DT-train_mse_mean": 0.0, "DT-train_mse_std": 0.0, "DT-train_mae_mean": 0.0, "DT-train_mae_std": 0.0, "MLP-test_r2_mean": 0.8793684815398022, "MLP-test_r2_std": 0.021489537458937134, "MLP-test_rmse_mean": -0.3351153240944772, "MLP-test_rmse_std": 0.09909634413760175, "MLP-test_mse_mean": -0.12212236586438452, "MLP-test_mse_std": 0.0702821696436764, "MLP-test_mae_mean": -0.2627366330414961, "MLP-test_mae_std": 0.0806293007972618, "MLP-train_r2_mean": 0.8696550326482668, "MLP-train_r2_std": 0.04636597762488814, "MLP-train_rmse_mean": -0.36048047273917205, "MLP-train_rmse_std": 0.05056516245188167, "MLP-train_mse_mean": -0.13250300688004218, "MLP-train_mse_std": 0.036644596348778154, "MLP-train_mae_mean": -0.24825390569801226, "MLP-train_mae_std": 0.017224633710782006, "XGB-test_r2_mean": 0.876217582445285, "XGB-test_r2_std": 0.07687045533373396, "XGB-test_rmse_mean": -0.3148642968389055, "XGB-test_rmse_std": 0.12288586251034761, "XGB-test_mse_mean": -0.11424046062877044, "XGB-test_mse_std": 0.09620797810768739, "XGB-test_mae_mean": -0.261344673147391, "XGB-test_mae_std": 0.10642034442194857, "XGB-train_r2_mean": 0.9999949928819983, "XGB-train_r2_std": 2.8130533677110653e-06, "XGB-train_rmse_mean": -0.0021302757706504446, "XGB-train_rmse_std": 0.0005891352066985632, "XGB-train_mse_mean": -4.885155150792105e-06, "XGB-train_mse_std": 2.379854490088016e-06, "XGB-train_mae_mean": -0.0014982398445885163, "XGB-train_mae_std": 0.0003790557827075031}